title,description
Account Statements,
Balance Transfer,
Bereavement Support,
Bonds,
Budgeting Tools and Resources,
Car Insurance Renewal,
Cardless Cash Withdrawal,
Cheque Payments,
Claims,
Credit Score,
Current Accounts,
Daily Savings,
Data and Privacy Control,
Debit Cards,
Debt Management Services,
Digital Confidence,
Financial Assistance,
Financial Education Webinars,
Fixed Deposit,
Fixed Term Savings,
Fixed-rate Credit Card,
Fraud Alerts and Monitoring,
Fund Performance,
Google/Apple Pay,
Insurance Coverage Calculator,
Interest Rates,
International Payments,
International Trading,
Investment Accounts,
ISA Accounts,
Life Insurance Coverage,
Mobile Banking App,
Mortgage Calculator,
Mortgage Rates,
Online Purchases,
Other Borrowing Options,
Overdraft Protection,
Personal Loan Calculator,
Personal Pension,
Personalised Financial Advice,
Remortgage Options,
Retirement Planning Calculator,
Rewards Programme,
Savings Options,
Self-Invested Personal Pension (SIPP),
Stock Trading and Shares,
Student account,
Student Loan Repayment,
Travel Insurance,
Trustee Banking,